rank,name,login,contributions,company,organizations
1,Sandeep Singh,ehsandeep,18283,@projectdiscovery,projectdiscovery
2,Samarjit Sahoo,samarjitsahoo,11649,,
3,Karishma Shukla,amhsirak,11157,@getmaxun,getmaxun
4,Himanshu Dixit,himanshu-dixit,10602,"@headout, @rizortinc, @drupal","EpicGames,JECRCR,TheAlgorithms,PAC-JECRC,JECRCPAC,crusher-dev"
5,Farhan Reza,farhan7reza7,9102,https://www.quranbookk.com,"diff-ymd-package,Open-Sourced-Org,if-follow-package"
6,Saurav Hathi,sauravhathi,8753,@TheodySvadhyay,Saurav-Hathi
7,Vinayak Kulkarni,vinayakkulkarni,8444,,"Semantic-Org,vuejs-in,ffmpegwasm,geoql"
8,Amar kumar,amark720,8356,Persistent Systems,
9,Aakash Agarwal,instrik,8032,instrik.com,
10,Arpit Bhayani,arpitbbhayani,7113,@DiceDB,
11,Manish Bisht,manishbisht,6463,Run4Offers,"owncloud,fossasia,SKITJaipur,DiveHQ,magnifi-codeverse"
12,Ragunath Jawahar,ragunathjawahar,6100,@LegacyCodeHQ,LegacyCodeHQ
13,Bigint,bigint,6033,@heyxyz ,"jekyll,github-craftwork,interclip,heyverse,cultivator-dao"
14,Sanidhya Kumar Verma,sanidhyy,5519,@Jaro-dev-studio,
15,Shivam Mathur,shivammathur,5457,@fastlabtech ,"php,setup-php,ThePHPF"
16,Swadesh Behera,itswadesh,4529,,
17,Sabyasachi Seal,Sabyasachi-Seal,4241,,"hackclub,jazzband,thank-you-php,risk-first,doocs,dev-protocol,EddieHubCommunity,Py-Contributors,EquiCode,lispXXX,BlackTimber-Labs,CommunityPro,devs-in-tech,Huniko-Team,infraform,AccessibleForAll,SamarthTMSL"
18,Niranjan Rajendran,niranjan94,4221,@mockingjay-io ,"fossasia,OpnTec,loklak,mockingjay-io,collation-ai"
19,Akash Manohar,HashNuke,3936,,"nko3,nko4,vulk,asdf-vm"
20,Milind Mishra,thatbeautifuldream,3916,,
21,Nikhil Anand,niks-nikhil-anand,3897,,
22,Md Azfar Alam,mdazfar2,3841,@HelpOps-Hub @Nexus-lb @jec-forge,"EddieHubCommunity,cloudcommunity,Design-and-Code,recodehive,64-shades,Bauddhik-Geeks,Devs-Dungeon,infraform,GrowInCommunity,Jec-Forge,Nexus-lb,HelpOps-Hub"
23,Aahnik Daw,aahnik,3838,@aahniks ,"gita,Project-Club-IIITS,EddieHubCommunity,Python-World,aahniks,cdiig,ping0ms,avabodha-space,nirvana-iiits,Enigma-IIITS,qbtrix,ggj-iiits,web3ssh-iiits,gdg-iiits"
24,Kovid Goyal,kovidgoyal,3718,,
25,Pranav Vashi,neobuddy89,3687,,crdroidandroid
26,Indrajith C,indrajithc,3404,,
27,Saket Choudhary,saketkc,3384,IIT Bombay,"oerpub,wysiwhat,biojs,conda-forge,bioconda"
28,Bhargav Ponnapalli,imbhargav5,3362,@usenextbase ,"styled-components,rxjs-playground,bhargav-kitchen"
29,Sayak Paul,sayakpaul,3165,@huggingface,"huggingface,all-things-vits"
30,Mehul Mohan,mehulmpt,3139,@codedamn ,codedamn
31,Siddharth Gelera (reaper),barelyhuman,3116,@nearform,"dumbjs,preachjs,TinyTownStudio"
32,Sanju S,Spikeysanju,3023,@THISUXHQ,"gdgchennai,TheCodeMonks"
33,Vikranth Udandarao,Vikranth3140,2986,@IIIT-Delhi,"IIIT-Delhi,EddieHubCommunity,yfosp,AlgoArchives,Roamify-Research,EmoBot208,DC-Lab-Talks"
34,Bhupender Singh Mehta,Bhupender2,2920,NEET ADVISOR,
35,Anshu Raj,anshuopinion,2904,,
36,Mukesh Solanki,mukeshsolanki,2782,,
37,Akshay Vs,Akshay-Vs,2769,Student,"Project-Eco-Track,Active-Matrix"
38,Aashutosh Rathi,aashutoshrathi,2765,@REGIE-io @2AMDevs,"fossasia,OpnTec,iiitv,coala,GDG-GANDHINAGAR,JBossOutreach,NJACKWinterOfCode,the-forty-two,animeongaku,cerebro-iiitv,PyJaipur,dscindia,dsc-x,REGIE-io,sports-stock-exchange,gohostapp,stackrlabs"
39,Sanket Dhuri,sanket-25,2723,@vyra25,
40,Darshan Gada,dr5hn,2694,Webby Wonder,"sozo-design,ilovejson,webbywonder"
41,Mainak,0xmainak,2694,,
42,Parikshit Singh,parikshit223933,2656,Coding Ninjas India,"collective,fossasia,NVIDIAGameWorks,CodingNinjasHQ"
43,Sudhanshu Yadav,s-yadav,2629,Prophecy,
44,Ashish Kulkarni,ashkulz,2624,@teamsimplepay,"wkhtmltopdf,prontolabs,teamsimplepay"
45,Rohan Kulkarni,rohan-kulkarni-25,2603,,"EddieHubCommunity,CodXCrypt,LetsGrowMoreCommunity,Coders-Evoke-Community,MichiSpotlight,TechThrusters,upsurgeio"
46,Pavan Podila,pavanpodila,2555,@vyuh-tech ,mobxjs
47,Sagnik Ghosh,sagnikghoshcr7,2458,MSAC,"msac-tangocharlie,MLSAKIIT,COVIDE-ORG,Devs-Dungeon"
48,Sarthak Shrivastava,sarthaksavvy,2447,@bitfumes ,bitfumes
49,Divy Srivastava,littledivy,2444,,"nodejs,denoland,denosaurs,elsaland,wintercg,jsr-io"
50,ishan dutta,ishandutta2007,2426,,
51,Harsh Shandilya,msfjarvis,2414,@dyte-io ,"WireGuard,seedmtk-devs,mimicmobile,android-linux-stable,ClangBuiltLinux,android-password-store"
52,Programmer Gaurav,ProgrammerGaurav,2344,Xoxoday,"Noob-Coders-Gang,Team-Focussed"
53,Samyak Shah,samyakshah3008,2343,,"layer5io,meshery"
54,QUICK GCP LAB,QUICK-GCP-LAB,2318,QUICK GCP LAB,
55,Albert,albseb511,2317,,
56,Harminder Virk,thetutlage,2307,,"adonisjs,poppinss,dimerapp,adonisjs-community,edge-js"
57,Dheeraj Kotwani,dheerajkotwani,2303,@Zomato @DSC-JSS-NOIDA @fossasia,"collective,Zomato,fossasia,NVIDIAGameWorks,grofers,loklak,dwyl,jazzband,fnplus,codezoned,EddieHubCommunity,qxresearch,Py-Contributors,AbsurdNerd,Algo-Phantoms"
58,Vedant Chainani,Envoy-VC,2253,,
59,Sarthak Roy,sarthakroy2002,2206,@ArrowOS @PixelOS-AOSP @yaap,"ArrowOS-Devices,yaap,PixelOS-Devices,AOSPA-RMX2020,yogurt-devs"
60,‡§™‡•ç‡§∞‡§•‡§Æ‡•á‡§∂ Sonpatki,prathamesh-sonpatki,2198,Last9.io,"rails,punerb,codetriage,rubyconfindia,doothings,ruby-bench,deccanrubyconf,gopherconindia,RubyLearning,droidjamindia,GoLangGirls,sicp-pune,last9"
61,Siddhant Khare,Siddhant-K-code,2185,@gitpod-io,"fossasia,NVIDIAGameWorks,loklak,moja-global,fnplus,Greenstand,Recyclero,gitpod-io,risk-first,codezoned,CircuitVerse,IndianOpenSourceFoundation,github-craftwork,EddieHubCommunity,TechDiscussion,trybread,gitpod-samples"
62,Himanshu,himanshu007-creator,2166,@writesonic,"backdrop,hackclub,fossasia,backdrop-contrib,nf-core,dscdaviet,anitab-org,github-craftwork,MLH-Fellowship,EddieHubCommunity,CodXCrypt,jupyter-naas,RoquesBeach,Writesonic,socialfrappe,Bash-ville,SidHacksCommunity,Eaglion-Programmers"
63,Sulagna Dutta Roy,Sulagna-Dutta-Roy,2155,,"Devs-Dungeon,WeBeginners-Community"
64,Soham Shah,sohamsshah,2143,@user-focus,
65,Abhisek Datta,abhisek,2141,@safedep ,"3SLabs,null-open-security-community,safedep,boringtools"
66,Naman Dwivedi,naman14,2067,@glip-gg @hks-epod,"openMF,teamOSC,hks-epod,OSILab,The-XYZ"
67,Saalim Quadri,danascape,2065,@LineageOS,"LineageOS,stormbreaker-project,hentaiOS-Infrastructure"
68,Yogini Bende,ms-yogi,2057,@PeerlistHQ ,
69,pushkar,thepushkarp,2033,,The-Nibble
70,Shivam Kumar Jha,thealphadollar,2022,Indian Institute of Technology Kharagpur,"kossiitkgp,CodeStash-KGP"
71,Smaranjit Ghose,smaranjitghose,2009,,"fossasia,WooTechnology,CARLresearch,HakinCodes,techequilla,GirlScript-Ireland,Auto-Vaidya"
72,Aarshay Jain,thismlguy,2008,aagmann.ai,
73,Aryaman,Aryamanz29,1972,AtlanHQ,"openwisp,backdrop,fossasia,atlanhq,github-craftwork,EddieHubCommunity,CodXCrypt,Design-and-Code,Coders-Evoke-Community,WarriorWhoCodes,Edfoal,Bauddhik-Geeks,docsopensource"
74,Piyush Kumar Singh,PiyushKumarSingh-90,1962,,
75,Swapnil Soni,SwapnilSoni1999,1950,,"GlazeOS-devices,SuperiorOS,SuperiorOS-Devices,hexoncode,Gamerary"
76,Mrugesh Mohapatra,raisedadead,1945,@freeCodeCamp ,"freeCodeCamp,archived-by-mrugesh"
77,Sasikanth,msasikanth,1941,@simpledotorg ,
78,Ashutoshh Singh,redashu,1932,Delvex innovation pvt ltd,
79,Abhishek Thory,abhithory,1899,,
80,Nanthakumar J J,jjnanthakumar,1894,UB Technology Innovations,
81,Sanskar Tiwari,theindianappguy,1885,@IndianAppGuy ,
82,Tapajyoti Bose,ruppysuppy,1879,"@TheAlgorithms, @LoungeScaleTech",TheAlgorithms
83,SUDIP MONDAL,sudip-mondal-2002,1861,Mando,"collective,campus-experts,EddieHubCommunity,Design-and-Code,IITM-Sports,neendsleep,Coders-Evoke-Community,WarriorWhoCodes,WebXDAO,Bauddhik-Geeks,Logistics-Lab,PFYCS,GitHub-Campus-IITM,gce-india,cyboholics,MandoHQ,Horizon-GDSCxIITM"
84,Arya Shah,aryashah2k,1849,@openAOD,"collective,fossasia,NVIDIAGameWorks,coala,jazzband,TheAlgorithms,Database-Genius,fnplus,Recyclero,zero-to-mastery,One-Language,buffetplate,github-craftwork,fruitandveg,slurpcode,gatsbyg,Tech-Phantoms,EddieHubCommunity,qxresearch,cloudcommunity,koolruby,DonyaOS,Uncodedtech,Py-Contributors,BrisGo,BrisRust,rubytart,RoquesBeach,railsdudes,LosRoques,lispXXX,openAOD,rubypi,pinkpom,Design-and-Code,OmegaMath,WarriorWhoCodes,tinderzone,Jaidevstudio,CommunityPro,ZS-DCE"
85,Sharath Kumar,sharu725,1845,webjeda,
86,Param Aggarwal,paramaggarwal,1841,,
87,Piyush Garg,piyushgarg-dev,1840,,
88,Satyam Kumar Navneet,Satyamkumarnavneet,1808,Chegg,
89,Anoop M D,helloanoop,1808,,"grafnode,byte-42"
90,Ayush Soni,ayushsoni1010,1798,@go2work-App @fastn-stack @FifthTry @magicdotapp @economizecloud @hekors,"gita,Tech-Phantoms,EddieHubCommunity,Py-Contributors,DesignSystemsOSS,Coders-Evoke-Community,Jaidevstudio,spendify-io"
91,James George,jamesgeorge007,1794,@hoppscotch,"collective,webpack,opensourcedesign,fossasia,cssinjs,dwyl,gridsome,verdaccio,storybookjs,webpack-contrib,Cybros,Recyclero,Asiatik,yogdaan,docsifyjs,madlabsinc,mad-hacks,teamxenox,react-native-elements,unoplatform,hoppscotch,keralavue"
92,Tech VJ,VJBots,1774,Tech VJ,
93,Dhruv Manilawala,dhruvmanila,1751,@astral-sh,"TheAlgorithms,astral-sh"
94,Soumik Rakshit,soumik12345,1750,@wandb,Koderunners
95,Hitesh Kumar Saini,alexmercerind,1722,,"bluecherrydvr,enviroCar,team-flobiz,harmonoid,Vanilla-OS,media-kit"
96,Dinesh Talwadker,dinxsh,1678,@toornify,"hackclub,EddieHubCommunity,cloudcommunity,Py-Contributors,recodehive,WebXDAO,Bauddhik-Geeks,Magic-Academy,infraform,AccessibleForAll,outfitapp,43labs,nov8devs,mywanderlustapp,toornify,GSSoC24,thedevelopmentguild"
97,Tummala Dhanvi,dhanvi,1673,,"fossasia,ctfs,amfoss,belongco,thinkfoss,Nationstar"
98,Harshil Shah,HarshilShah,1650,,
99,Prashant Jain,omprashantjain,1628,@KnowledgeGateCoding @KG-Coding-with-Prashant-Sir ,
100,Deepak Sharma,Deepaksharma-39,1617,@TechPlek-Technologies,
101,Lakshya Duhoon,LakshyaDuhoonISU,1600,,
102,Sreeraj,s-r-e-e-r-a-j,1599,,
103,Shiva,ShivaBhattacharjee,1575,,
104,Vishwa Gaurav,VishwaGauravIn,1568,,
105,Ayush Sharma,ayushsharma82,1567,Softt @softt-io,
106,Avinash Ranjan,avinashkranjan,1548,@wapinfotech @one24store @TheOpenCode @dscciem,"collective,fossasia,NVIDIAGameWorks,codezoned,TheOpenCode,HAC-2020,dscciem,IEMA-Research-Development-Pvt-Ltd,one24store,One24store-com,curiomind-e-learning,Phoenix-Reincarnated,Falcon-Security,Ent-House,wapinfotech"
107,Om  Patil,omsandippatil,1532,,pillaites
108,Mohd Danish,mddanishyusuf,1531,,
109,Ameer Jhan,ameerthehacker,1527,@SimpleDataLabsInc,"jsrealm,brahmosjs,product-ride"
110,Nemo,captn3m0,1514,,"sdslabs,recursecenter,SyntaxError2013,asm-products,gliderlabs,hillhacks,GitHubBounty,hackercouch,InfoSecIITR,rfcswelove,speakforme,kaarana,sarkar-icu,endoflife-date,hginit,just-the-docs,PuzzledPintBLR,librefin-in"
111,Jayant Goel,JayantGoel001,1490,@Swiggy @PublicisSapient @TalentDecrypt @Theatron,"collective,hackclub,fossasia,EpicGames,NVIDIAGameWorks,iiitv,dwyl,jazzband,john-bampton,Database-Genius,fnplus,apachecn,SwissAngular,Recyclero,thank-you-php,zero-to-mastery,pico-8,risk-first,firstcontributions,yogdaan,One-Language,codezoned,Coding-Coach,doocs,stormsinbrewing,dev-protocol,squarestack,github-craftwork,An-Eye,Chinuon,slurpcode,gatsbyg,Tech-Phantoms,CodeTrophs,akshitagit,letskhabar,EddieHubCommunity,MakeContributions,jobream,qxresearch,def-zone,cloudcommunity,DonyaOS,Uncodedtech,Py-Contributors,CodXCrypt,CodeAvailable,POSSF,CSwala,BrisGo,BrisRust,rubytart,RoquesBeach,SurPathHub,railsdudes,LosRoques,Alphasians,TirtharajSinhaDevCommunity,EquiCode,chryz-hub,lispXXX,openAOD,BITDurg-git,https-github-com-Kushal997-das,rubypi,pinkpom,devstrons,Design-and-Code,OmegaMath,Coders-Evoke-Community,UdacityScholars,64-shades,WarriorWhoCodes,NextCommunity,ZeroOctave,CURAJ-Open-Source-Community,BlackTimber-Labs,CodingContributorsLair,App-Choreography,The-CODE-Plus-Plus-Community,tinderzone,OpInCo-Community,Jaidevstudio,Eaglion-Programmers,WebXDAO,Bauddhik-Geeks,Robotics-Club-BMU,websycode,OldCodersClub,GitHub-Campus-IITM,DroidDump,LearnWithCommunity,CommunityPro,Magic-Academy,Devs-Dungeon,InnateComm,Intel-Student-Ambassadors,Keymeta-Networks,devs-in-tech,Huniko-Team"
112,Magesh,tkmagesh,1477,Craftsman Systems,
113,Deepak Raj,codeperfectplus,1470,@SystemGuard-official,"collective,DevvitIO,risk-first,dev-protocol,slurpcode,Tech-Phantoms,cloudcommunity,codeDroid1,Py-Contributors,Alphasians,Design-and-Code,64-shades,NextCommunity,WebXDAO,CommunityPro,Magic-Academy,Devs-Dungeon"
114,Aritra Roy,aritraroy,1466,,
115,Anubhav Chaturvedi,AnubhavChaturvedi-GitHub,1464,,
116,Anubhav Singh,xprilion,1451,Building @callchimp ,"tfugindia,gdgcloudindia,callchimp,gdgcloudkol"
117,Divyansh Singh,brc-dd,1449,,"vuejs,globalbrain,mdit-vue"
118,Anant Shrivastava,anantshri,1420,InfoSec Professional,"null-open-security-community,CodeVigilant,TamerPlatform"
119,Sudhanshu Mishra,debugger22,1418,@komorebitech,"sympy,BinPy,bitsg,komorebitech"
120,Karan Sharma,mr-karan,1411,@zerodha ,"ACM-SNU,zerodha"
121,Somdev Sangwan,s0md3v,1403,,
122,Akhil Narang,akhilnarang,1385,@frappe ,frappe
123,Shyam Tawli,shyamtawli,1365,,
124,Abhishvek Chavhan,abhishh1,1363,superwrapper.in,
125,Nitin Kumar,snitin315,1349," @webpack @eslint @razorpay","collective,webpack,fossasia,razorpay,NVIDIAGameWorks,OpnTec,loklak,opencollective,webpack-contrib,risk-first,layer5io,github-craftwork,course-predator,EddieHubCommunity,Design-and-Code,Jaidevstudio"
126,Kushagra Gour,chinchang,1343,CSSBattle,getYourMentor-org
127,MAZHAR,MAZHARMIK,1341,SDE-III @ Expedia,
128,Ritesh Kumar,ritz078,1330,@PSPDFKit ,transform-it
129,Rejah Rehim ,rejahrehim,1325,@beaglesecurity @appfabs ,"jenkinsci,OWASP,KSUMFutureLab,appfabs,su-trivandrum,securetea,beaglesecurity,BreathOfHope,gtechatfg,kp-grapnel"
130,Rucha Mahabal,ruchamahabal,1319,@frappe,frappe
131,Fayaz Ahmed,fayazara,1311,,
132,Sai Krishna,saikrishna321,1301,@LambdaTest,"appium,getgauge,MobileHacks,AppiumTestDistribution"
133,Subin Siby,subins2000,1297,"@bigbinary, @smc","smc,varnamproject,LobbyOS,FOSSersVAST,KochiFOSS"
134,Ishan Sharma,ishandeveloper,1286,HackerRank @interviewstreet,"collective,interviewstreet,NVIDIAGameWorks,iiitv,fnplus,Recyclero,DSC-ChitkaraUniv,Flutter-India,Chitkara-devs,EddieHubCommunity,flutterchennai,flutterchandigarh,Diversity-In-DSC"
135,Akshay Rajput,TheHamkerCat,1268,Doofenshmirtz Evil Inc.,
136,Sushant Kumar,sushantkr961,1266,Pantheon Digital,
137,Sukeesh,sukeesh,1259,Sema4.ai,
138,Subhrajyoti Sen,SubhrajyotiSen,1258,@keeptruckin,NixOS
139,Kamal Raj Kanakarajan,kamalkraj,1258,@saamaresearch ,
140,Prasenjit Nayak,StarKnightt,1251,,"EddieHubCommunity,AlgoManiacZ,WebXDAO,AccessibleForAll"
141,Ayush Singh,ayush-that,1228,,
142,Shabinder Singh,Shabinder,1227,? (Looking for new suitable oppurtunities...),
143,Pragati Verma,PragatiVerma18,1226,,"fossasia,NJACKWinterOfCode,AdobeDocs,CircuitVerse,phoenix-jss,Open-Source-Contributors-JSS,bellatrixdatacommunity,MLH-Fellowship"
144,Shekhar Gulati,shekhargulati,1224,,
145,Aditya Oberai,adityaoberai,1206,@appwrite,"appwrite,utopia-php,dotnet-foundation,Progate-Mentorship-Program,code-capture,GDSC-Amity,Global-AI-Mumbai,open-runtimes,appwrite-labs,appwrite-community"
146,A.B,iAmKankan,1198,,
147,Utkarsh Ashok Pathrabe,UtkarshPathrabe,1198,NVIDIA Graphics Pvt. Ltd.,bitspilanicode
148,Sanket Singh,singhsanket143,1194,@Microsoft,
149,Avinash Sajjanshetty,avinassh,1175,@tursodatabase,"recursecenter,libsql,tursodatabase"
150,Souvik Biswas,sbis04,1155,@FlutterFlow,GDSC-IIIT-Kalyani
151,Pinaki,0xInfection,1137,/dev/null,watchtowrlabs
152,Manthan Gupta,manthanguptaa,1137,,
153,Alen Yohannan,AlenVelocity,1132,@frappe,Synthesized-Infinity
154,AI Anytime,AIAnytime,1129,AI Anytime,
155,Abhijit Tripathy,Abhijit2505,1122,"@Presear-AI, @Prodigal-AI, Guru Ghasidas Vishwavidyalaya, Bilaspur","OpenGenus,github-craftwork,Treasure-Code-Algorithm,edualgo,Mozilla-Student-Developers-GGV-Bilaspur,DSCGGV,Presear-AI,Rigorvigor"
156,Abhishek Naidu,abhisheknaiidu,1122,,"collective,fossasia,NVIDIAGameWorks,dwyl,jazzband,fnplus,Recyclero,yogdaan,codezoned,github-craftwork,Codez-Tech,EddieHubCommunity,nation3,wagmifund"
157,Abhay Faldu,abhayfaldu,1122,Webledger Solutions,divamtech
158,Abhay Prince,Abhayprince,1121,,
159,Rishiraj Sharma,ehrishirajsharma,1117,@projectdiscovery ,projectdiscovery
160,üéß Harsh Kumar Singh üéß,harshjuly12,1110,NSPCL (NTPC : SAIL Ltd Ind),
161,Pulkit,Pulkitxm,1105,,plone
162,Akshay Narisetti,akshaynarisetti,1100,,
163,Aakansha Doshi,ad1992,1098,Prophecy,"excalidraw,react-tags"
164,Arihant Bansal,arihantbansal,1097,@arcium-hq,"Devsoc-BPGC,SuperteamDAO,arcium-hq,Hugging-Face-Supporter,xypherlabshq,niftyclick,DaSH-Lab-CSIS"
165,Aakash ,Aakashdeveloper,1096,IBM,
166,Amanjeet Singh,amanjeetsingh150,1076,@mobile-dev-inc,
167,Keshav Bhatt,keshavbhatt,1065,@zextras,"zextras,snapcrafters"
168,Shreyansh Singh,shreyansh26,1065,Level AI,COPS-IITBHU
169,Nirmalya Ghosh,ghoshnirmalya,1064,,sitepoint-editors
170,Abhinav,ABSphreak,1051,@omclindia ,"koders-in,Apphreak,EddieHubCommunity,omclindia,Py-Contributors,DevDesigneer,PlaceholderTech,struckbuild"
171,Sanu Kumar,sk66641,1036,,recodehive
172,Akash Hamirwasia,blenderskool,1033,@elevenlabs,elevenlabs
173,Andrew Bastin,AndrewBastin,1032,@hoppscotch,hoppscotch
174,Ritwick Dey,ritwickdey,1032,,
175,Nishanth Vijayan,nishanthvijayan,1015,Sabbatical,
176,Sudeep Acharjee,SudeepAcharjee,1001,Freelancer,
177,Srikanth Pragada,srikanthpragada,998,Srikanth Technologies,
178,KARTHIK LAL,karthik558,988,@cyberdefence-toolkit | @hackclub | @cherishos | @ryzen-kernel,"hackclub,EpicGames,NVIDIAGameWorks,dev-protocol,CherishOS,EddieHubCommunity,cloudcommunity,SurPathHub,cyberdefence-toolkit,openAOD,Design-and-Code,WebXDAO,CommunityPro,euclidTeam"
179,Ramaguru Radhakrishnan,ramagururadhakrishnan,976,"Asst. Professor (Sr. Gr.)  at Amrita Vishwa Vidyapeetham, Researcher at ‡Æ®‡ÆÆ‡ØçChain¬ÆOpen Initiative Research Lab","Kanavu-Public-Charitable-Trust,AksharamTrainingAcademy,GuruAnalytics,NamChain-Open-Initiative-Research-Lab,Kuppai-Innovative-Research-Lab,Amrita-TIFAC-Cyber-Blockchain,Kumaraguru-College-of-Tech,Gandhimani-Numismatics-Philately-Club,Tamil-Valar-Mandram,B-RIG,KOLECT-Amrita,WiCyS-Amrita,CybeReach,Ramaguru-Forks,SanJoseMHSS,re-bin-d-22ucys,HICSS-Amrita,Nool-Amudham,amrita-tifac-cys-mtech,amrita-tifac-cys-btech"
180,Arijit Basu,sayanarijit,960,,"NixOS,stckme,ratatui"
181,Puneeth Chaganti,punchagan,957,@tarides,"FOSSEE,recursecenter,zulip,getnikola,org2blog,tarides,thatte-idli-kaal-soup,india-ultimate"
182,Ujaval Gandhi,spatialthoughts,953,,
183,Abhinav Tushar,lepisma,930,,"unique-horn,FluSightNetwork"
184,Aniket,Aniket-Engg,930,@ethereum ,
185,Ben S George,AlbertEinsteinTG,921,@CrazyBotsz ,CrazyBotsz
186,Anmol Verma,oianmol,917,,
187,Aakash Kumar Nain,AakashKumarNain,905,,tensorflow
188,Yusuf Shakeel,yusufshakeel,895,Thoughtworks,
189,Nitish Kumar,nitishfy,893,@akuity,"kubernetes,campus-experts,argoproj,kubernetes-sigs,akuity,akuityio"
190,Gaurav Sen,coding-parrot,879,InterviewReady,
191,Nakshatra Goel,Nakshatra05,879,,"Wellness-Center-IIT-Roorkee,Encode-Club-Solidity-Bootcamp,OctoTechHub,Anoto-ecossistem,Whizzify"
192,Yashovardhan Agrawal,yashovardhan,873,@web3auth,"coala,MetaMask,TheAlgorithms,campus-experts,LNMHacks,addy-org,JBossOutreach,OpenSouce-LNMIIT,yogdaan,hackferenceindia,torusresearch,devrelpage,tkey,Web3Auth"
193,Shivam,ShivamJoker,869,LearnAWS.io,RealDevExp
194,Gursimar Singh,gursimarsm,866,,
195,Apurba Adhikary‚ö°,itsApurba,863,,digitalinfolink
196,Narasimha Reddy,narasimhareddyprostack,862,Greet Labs Pvt Ltd,
197,Md Hussain Nagaria,NagariaHussain,856,,frappe
198,sanal m s,sanal-m-s,848,127.0.0.1,
199,Kushal Das,Kushal997-das,841,,"collective,Database-Genius,fnplus,risk-first,stormsinbrewing,github-craftwork,slurpcode,gatsbyg,akshitagit,EddieHubCommunity,MakeContributions,jobream,DonyaOS,Uncodedtech,CodeAvailable,RoquesBeach,railsdudes,lispXXX,https-github-com-Kushal997-das,rubypi,Design-and-Code,WarriorWhoCodes,tinderzone"
200,Puru Vijay,PuruVJ,840,,
201,BPB Online,bpbpublications,838,BPB Online,
202,Pranit Bauva,pranitbauva1997,838,,kossiitkgp
203,Sonu Sharma,TheAlphamerc,827,@orgnise,pensil-inc
204,Bhavani Ravi,bhavaniravi,826,,
205,Laxmi Kant,laxmimerit,824,KGP Talkie,
206,Dhanush Saji,Dhanush-Saji,819,Gainn Fintech,
207,Praveen C,cpraveen,815,TIFR Center for Applicable Mathematics,
208,Manoj Vivek,manojVivek,814,,
209,Chaitanya Yadav,BelieveC,814,,"GeekHaven,BitNotes-CwayProduction"
210,Jyotinder Singh,JyotinderSingh,803,@Google,
211,Punit Katiyar,punitkatiyar,803,Ducat India Pvt. Ltd. ,"myunitbook,onlinereact"
212,Aman Jain,jainaman224,793,@CodingNinjasHQ,
213,Alan Chris Antony,alanchrissantony,789,,
214,Divyanshu Pabia,Rekklessss,787,,
215,Mirza Azmathullah baig,Mirzaazmath,783,Ina Payments,
216,Agniva De Sarker,agnivade,774,@mattermost,"tldr-pages,mattermost"
217,Zuhed Shaikh,zuhedshaikh95,773,,
218,Azeem Idrisi,AzeemIdrisi,765,,"AlphaCorpIN,SuperSplitApp"
219,Tanay Pratap,tanaypratap,757,@invact ,
220,Somanath Goudar,somanath-goudar,754,FutureCoders,
221,Ananya Agrawal,ananya,749,,"publiclab,fossiiita"
222,Pawan Kumar,iampawan,748,Codepur,
223,Sachin Gurjar,SachinCoder1,747,,Omni-DeFi
224,Yash Sehgal,yashsehgal,746,@stackai ,"stackai,with-tw,rightfitso"
225,Ashris,iashris,740,headsup,thescholarsavenue
226,Gautam krishna R,gautamkrishnar,738,Red Hat,"opensourcedesign,fossasia,Wildcards,RITct,tinkerhub,spaship,Kites-Foundation"
227,Zaid Mukaddam,zaidmukaddam,737,,toodoolee
228,Karuna Tata,starlightknown,737,DevRev,"EddieHubCommunity,SurfsUpHacks21"
229,Arindam Majumder ,Arindam200,736,Studio1HQ.com,
230,Akshay Nandwana,anandwana001,727,@AndroidEngineers,"fossasia,DeveloperStudentClub-Udaipur"
231,Khushboo Verma,vermakhushboo,725,Appwrite,"appwrite,githubfieldday,utopia-php,gdscigdtuw,CatsInTech,theproductfolks,open-runtimes"
232,Amar Prakash Pandey,amarlearning,725,@sahajsoft,"fossasia,TEAMMATES,sahajsoft,urls,OpenSourceHelpCommunity,cri-o"
233,Musthaq Ahamad,haxzie,723,@ontic-in,"nodeschool,campus-experts,so-sc,localeai,HackOnHQ,kratahq,sequelsh"
234,Priyankar Pal ,priyankarpal,716,,"EddieHubCommunity,reactplay,GrowInCommunity,ngoworldcommunity,BoBsRepository,DevLeonardoCommunity"
235,Amit Agarwal,labnol,711,Digital Inspiration,
236,Gautam Yadav,unique-gautam-yadav,704,,Flutter-your-way
237,Mohak Gupta,mohak1283,693,Zomato,"fossasia,DSC-Galgotias"
238,Rajeev Singh,callicoder,693,@rippling,
239,Ramsri Goutham Golla,ramsrigouthamg,690,,
240,Javaid Khan,JavaidAhmadKhan,687,,
241,Somesh Kar,someshkar,684,,"fossasia,exunclan,boxwarehq,justanotherstarter,daranlabs"
242,Shashank Singhal,Shashank02051997,683,Oceanside Technologies Pvt Ltd,
243,Arnav Gupta,championswimmer,683,@jiocinema,"AOKP,KangXperiaProject,TWRPXperia,teamOSC,fossasia,OpnTec,coala,Greplr,speakforme,jagql"
244,Anand Chitipothu,anandology,679,@pipalacademy,"webpy,kottapalli-in,pipalacademy,rorodata"
245,Kaiwan N Billimoria,kaiwan,676,kaiwanTECH,
246,Pradumna Saraf,Pradumnasaraf,672,,"kubernetes,docker-captains,kubernetes-client,kubernetes-csi,kubernetes-sigs,rebasemedia"
247,Shravan Vadeghar,Shra1V32,671,,"MVSR-2021,GDSC-MVSREC"
248,Swastik Baranwal,Delta456,670,@lambdatest,"NixOS,SeleniumHQ,LambdaTest,vlang,v-community,catppuccin,auxolotl,charm-and-friends"
249,Tuba Khan,tubakhxn,665,,
250,Pinapathruni Saikiran,saikiranpi,663,,
251,Ashish Rawat,ashishrawat2911,660,NTT DATA,
252,Bhautik Dudhat,bhautikpatel21,658,,
253,Tamal Das ,tamalCodes,657,Edilitics | Data to Decisions,"hackclub,github-craftwork,EddieHubCommunity,MakeContributions,cloudcommunity,Design-and-Code,WarriorWhoCodes,WebXDAO,Bauddhik-Geeks,Devs-Dungeon,hack4bengal,devs-in-tech,AccessibleForAll,IRL-Amigo,ngoworldcommunity"
254,TechiesCamp,techiescamp,656,Techiescamp by DevOpscube,
255,Hardik Savani,savanihd,655,,
256,Juned Chhipa,junedchhipa,654,,
257,Sandipan Rakshit,sandipanrakshit34,643,MCKV Institute of Engineering,"Creators-of-the-Tech,The-Code-Innovators,Workstation-Tech,DeepLearnCrew,DAVCrew,ExoSphyre"
258,Ayush Chaurasia,AyushExel,641,,
259,Pavan Gandhi,iampavangandhi,641,MyWays.ai,"fnplus,codezoned,Alexa-Code-Lab19,Antha-Prerna-Cell,qxresearch,MyWays-in"
260,Rohit Jain,rohitjainfsl,640,Full Stack Learning,
261,Santhosh Thottingal,santhoshtr,634,@wikimedia @smc ,"wikimedia,smc,libindic,dhvani-tts"
262,Abhijeet Gupta,boxabhi,633,MOB,
263,ARPIT SINGH,LSUDOKO,632,,
264,Kishan Sheth,koolkishan,632,,
265,Amit Merchant,amitmerchant1990,631,,
266,Arjun C Vinod,arjuncvinod,628,Mulearn Intern,"gtech-mulearn,incognito-acv,Top-100-Coders"
267,Yogesh Haribhau Kulkarni,yogeshhk,627,,ml-gde
268,Anitaa Murthy,anitaa1990,616,,
269,Vipul Vaibhaw,vaibhawvipul,615,@pre6ai,pre6ai
270,Tushar Sadhwani,tusharsadhwani,615,@zigindia,
271,Vaibhav More,mvaibhav131,614,@Esyasoft Technology  @cognizant @growthpal Technology @masai-course,
272,Akash T K,akash-tk,611,,"hackclub,jazzband,john-bampton,doocs,dev-protocol,slurpcode,EddieHubCommunity,cloudcommunity,Py-Contributors,CodeAvailable,armjscom,chryz-hub,lispXXX,openAOD,devstrons,Design-and-Code,Coders-Evoke-Community,64-shades,WarriorWhoCodes,ZeroOctave,CURAJ-Open-Source-Community,BlackTimber-Labs,App-Choreography,The-CODE-Plus-Plus-Community,Jaidevstudio,WebXDAO,Bauddhik-Geeks,CommunityPro,Magic-Academy,Devs-Dungeon,Huniko-Team,infraform,AccessibleForAll,yfosp,The-Lively-Developers-Community,GrowInCommunity,Anoto-ecossistem,cscpwn0sec"
273,dhai,Dhaiwat10,606,,"moonshotcollective,Developer-DAO,The-Bhatura-House"
274,Sachin Neravath,sachinchoolur,601,,
275,Ayush,heyAyushh,598,@solana-developers,solana-developers
276,Janishar Ali,janishar,594,@unusualcodeorg,MindorksOpenSource
277,Premalatha T,Premalatha-success,592,AI Consultant/Data Scientist/Trainer/Freelancer/Speaker/Thesis Supervisor/Mentor/YouTuber,
278,Rishikesh (‡§ã‡§∑‡§ø‡§ï‡•á‡§∂),rishikksh20,588,Dubpro.ai,"EpicGames,coala"
279,Swapnil Srivastava,swapnilsparsh,582,,"hackclub,fossasia,NVIDIAGameWorks,girlscript,EddieHubCommunity,NetSepio,GSSoC-Web"
280,Niloy Sikdar,niloysikdar,578,,"collective,sugarlabs,fossasia,leopardslab,EddieHubCommunity,gdscjgec,jwoc-jgec,tidyform,gethyperai"
281,Soumyadip Chowdhury,soumyadip007,574,Senior Software Engineer @RedHatOfficial,"InvigorateCloudDevOps,EclipseCloud,MSP-Kolkata,HoiChoi-Dev,Web3Block-Labs,Developer-Student-Clubs-UEMK"
282,Mohammed Ismail,ikismail,572,Biznessforce Software Solutions Pte Ltd.,
283,Aryan Vikash,aryanvikash,571,,
284,K. Siva Prasad Reddy,sivaprasadreddy,568,SivaLabs ,
285,KC Sivaramakrishnan,kayceesrk,560,IIT Madras and Tarides,ocamllabs
286,Santosh Baliarsingh,Santosh-Baliarsingh,559,,
287,Karthik Balakrishnan,karthikb351,559,@only-much-louder,"recursecenter,netneutrality,InternetFreedomFoundation,savethemap"
288,Saurabh Daware,saurabhdaware,559,design system @razorpay | building @abelljs,"razorpay,abelljs"
289,Saiyam Pathak,saiyam1814,559,Kubesimplify,kubesimplify
290,Anmol Baranwal,Anmol-Baranwal,554,,"EddieHubCommunity,WebXDAO,AccessibleForAll,ngoworldcommunity,Guidlify"
291,Abhishek Sharma,abhisheks008,549,Cognizant,"EddieHubCommunity,recodehive"
292,Promode,PramodDutta,545,Scrolltest,
293,Avi Aryan,aviaryan,538,@toptal,"ahkscript,fossasia,iiitv,coala,anotode,anyaudio,animeongaku"
294,Satyam Shubham,ItsFlash10,533,,
295,AD,ashokdey,532,Creator of @knaxus & @shredx ,"knaxus,shredx"
296,Nilarjun Das,Xtremilicious,532,Frontend Engineer @apolloio,"fnplus,Ignitus,GDSC-KIIT,MLH-Fellowship"
297,a2k,deadcoder0904,523,,
298,DEEPTESH ROUT,deeptesh-rout,522,,
299,Ankit,AnkitSharma-007,517,@datanimbus,ngx-builders
300,Akshay Sharma,akshay2211,517,PSPDFkit,
